Workbook

Sheet 审核目录
A1: 阶段质量审核记录目录
A2: 项目：相控阵数字样机软件 | C2: 阶段：系统分析与设计
A4: 流水号 | B4: 审核对象 | C4: 检查单 | D4: 审核报告
A5: 1 | B5: 相控阵数字样机软件研制任务书 | C5: 打开检查单 | D5: 打开审核报告
A6: 2 | B6: 审核需求开发与管理过程 | C6: 打开检查单 | D6: 打开审核报告
A7: 3 | B7: 审核验证与确认过程 | C7: 打开检查单 | D7: 打开审核报告
A8: 4 | B8: 审核配置管理过程-阶段末 | C8: 打开检查单 | D8: 打开审核报告

Sheet 阶段质量审核工作报告
A1: 质量审核工作报告
A2: 编号：ZDPX-03046/0.0-QA-质量报告-001
A3: 项目名称 | C3: 相控阵数字样机软件 | G3: 报告阶段 | I3: 系统分析与设计
A4: 报告起止日期 | C4: 2025-12-15 至 2025-12-26 | G4: 项目QA | I4: 高蕾
A6: 审核情况汇总
A7: 流水号 | B7: 审核对象 | C7: 审核日期 | D7: 节点 | E7: NC类型 | F7: 问题描述 | J7: 严重程度 | K7: 是否关闭 | L7: 审核状态
A8: 未匹配节点汇总：未匹配
A9: 1 | B9: ='_计算'!B2 | C9: 2025-12-24 | D9: 未匹配节点 | E9: ='_计算'!D2 | F9: ='_计算'!E2 | J9: ='_计算'!F2 | K9: ='_计算'!G2 | L9: 未确认
A10: 1 | B10: ='_计算'!B3 | C10: 2025-12-24 | D10: 未匹配节点 | E10: ='_计算'!D3 | F10: ='_计算'!E3 | J10: ='_计算'!F3 | K10: ='_计算'!G3 | L10: 未确认
A11: 2 | B11: ='_计算'!B4 | C11: 2025-12-25 | D11: 未匹配节点 | E11: ='_计算'!D4 | F11: ='_计算'!E4 | J11: ='_计算'!F4 | K11: ='_计算'!G4 | L11: 未确认
A12: 2 | B12: ='_计算'!B5 | C12: 2025-12-25 | D12: 未匹配节点 | E12: ='_计算'!D5 | F12: ='_计算'!E5 | J12: ='_计算'!F5 | K12: ='_计算'!G5 | L12: 未确认
A13: 3 | B13: 审核验证与确认过程 | C13: 2025-12-25 | D13: 未匹配节点 | F13: 未发现不符合项 | L13: 未确认
A14: 4 | B14: 审核配置管理过程-阶段末 | C14: 2025-12-26 | D14: 未匹配节点 | F14: 未发现不符合项 | L14: 未确认
A15: 节点统计 | E15: NC总数 | F15: =COUNTIF(J9:J14,"?*") | G15: 未关闭 | H15: =COUNTIF(K9:K14,"否") | I15: 严重 | J15: =COUNTIF(J9:J14,"严重")
A17: 阶段汇总统计
A18: 产品NC总数 | B18: =COUNTIF('_计算'!D2:D5,"工作产品") | C18: 过程NC总数 | D18: =COUNTIFS('_计算'!D2:D5,"<>工作产品",'_计算'!D2:D5,"<>") | E18: 未关闭NC数 | F18: =COUNTIF('_计算'!G2:G5,"否") | G18: 轻微 | H18: =COUNTIF('_计算'!F2:F5,"轻微") | I18: 一般 | J18: =COUNTIF('_计算'!F2:F5,"一般") | K18: 严重 | L18: =COUNTIF('_计算'!F2:F5,"严重")
A19: RDM | B19: PP | C19: PMC | D19: CM | E19: MT | F19: MPM | G19: VV | H19: LD | I19: II | J19: 工作产品 | K19: 总计
A20: =COUNTIF('_计算'!D2:D5,"RDM") | B20: =COUNTIF('_计算'!D2:D5,"PP") | C20: =COUNTIF('_计算'!D2:D5,"PMC") | D20: =COUNTIF('_计算'!D2:D5,"CM") | E20: =COUNTIF('_计算'!D2:D5,"MT") | F20: =COUNTIF('_计算'!D2:D5,"MPM") | G20: =COUNTIF('_计算'!D2:D5,"VV") | H20: =COUNTIF('_计算'!D2:D5,"LD") | I20: =COUNTIF('_计算'!D2:D5,"II") | J20: =COUNTIF('_计算'!D2:D5,"工作产品") | K20: =SUM(A20:J20)

Sheet C001-相控阵数字样机软件研制任务书
A1: 软件研制任务书检查单
A2: 编号：ZDPX-03046/0.0-QA-检查单-001
A3: 项目名称 | C3: 相控阵数字样机软件 | F3: 当前阶段 | H3: 系统分析与设计 | J3: 项目QA | L3: 高蕾
A4: 审核对象 | C4: 相控阵数字样机软件研制任务书 | F4: 产品标识 | H4: ZDPX03046/0.0-YZRW | J4: 产品版本 | L4: V1.0
A6: 序号 | B6: 审核内容 | G6: 是 | H6: 否 | I6: 不适用 | J6: 严重程度 | L6: 备注
A7: 通用检查项
A8: 1 | B8: 文档编写是否符合模板的规范性要求。 | H8: ✓ | J8: 一般 | K8: Step14 验收问题
A9: 2 | B9: 是否清楚描述了软件运行必需的软硬件环境要求。 | G9: ✓
A10: 3* | B10: 是否准确清晰的描述了需要由软件产品完成的所有功能要求，并进行了标识。 | G10: ✓
A11: 4* | B11: 是否准确清晰的描述了软件产品要满足的所有性能要求，并进行了标识。 | G11: ✓
A12: 5* | B12: 是否准确清晰的描述软件产品的外部接口要求，并进行了标识。 | H12: ✓ | J12: 严重 | K12: 必要内容覆盖不完整
A13: 6 | B13: 是否准确清晰的描述了对数据参数的处理要求，并进行了标识。 | G13: ✓
A14: 7 | B14: 是否准确清晰的描述了对软件产品的其它关键性要求，如可靠性、安全性、保密性等要求，并进行了标识。 | G14: ✓
A15: 8 | B15: 是否准确清晰的描述了对软件设计有约束的相关要求，如编程语言、开发环境和工具、重用性、数学模型和算法等。 | G15: ✓
A16: 9* | B16: 是否明确描述了软件的关键性等级并说明原因。 | G16: ✓
A17: 10 | B17: 是否给出了软件开发应遵循的标准。 | G17: ✓
A18: 11 | B18: 是否给出了应有的开发文档清单及对文档的评审要求和规范性要求。 | G18: ✓
A19: 12 | B19: 是否描述了软件的配置管理要求。 | G19: ✓
A20: 13* | B20: 是否描述了软件的测试要求。 | G20: ✓
A21: 14* | B21: 当存在分承制方时，是否描述了对分承制方的要求。 | G21: ✓
A22: 15 | B22: 是否描述了软件的交付要求和移交后的保障维护要求。 | G22: ✓
A23: 16* | B23: 是否明确给出了项目的进度要求、里程碑节点及合同甲方或用户需参加的评审活动？ | G23: ✓
A25: 不符合项问题明细
A26: 问题ID | B26: 检查项 | C26: 问题描述 | F26: 严重程度 | G26: 责任人 | H26: 提交日期 | I26: 计划关闭日期 | J26: 纠正措施 | L26: 关闭
A27: 1 | B27: 1 | C27: 相关工作产品未完整覆盖本检查项要求的必要内容和适用场景，当前结果不能支撑该项要求已经全部落实。 | F27: 一般 | G27: 赵要浦 | H27: 2025-12-24 | I27: 2025-12-25 | J27: 补齐遗漏内容和适用场景，核对相关输入后组织复核，并保留复核结论。 | L27: 否
A28: 2 | B28: 5 | C28: 相关工作产品未完整覆盖本检查项要求的必要内容和适用场景，当前结果不能支撑该项要求已经全部落实。 | F28: 严重 | G28: 赵要浦 | H28: 2025-12-24 | I28: 2025-12-25 | J28: 补齐遗漏内容和适用场景，核对相关输入后组织复核，并保留复核结论。 | L28: 否

Sheet R001-相控阵数字样机软件研制任务书
B1: 过程/产品审核报告
B2: 编号：ZDPX-03046/0.0-QA-审核报告-001
B3: 项目名称 | D3: 相控阵数字样机软件 | H3: 所处阶段 | J3: 系统分析与设计
B4: 审核对象（过程名称/产品名称） | F4: 相控阵数字样机软件研制任务书
B5: 审核人 | D5: 高蕾 | F5: 审核日期 | H5: 2025-12-24
B6: 审核依据 | D6: ZDPX-03046/0.0-QA-检查单-001
B7: 本次审核依据《软件研制任务书检查单》实施。经审核，发现2个不符合项。
B9: NC总数 | D9: 轻微 | F9: 一般 | H9: 严重
B10: =COUNTIF(B13:B14,"<>") | D10: =COUNTIF(F13:F14,"轻微") | F10: =COUNTIF(F13:F14,"一般") | H10: =COUNTIF(F13:F14,"严重")
B11: 不符合项问题（NC）列表
B12: 序号 | C12: 问题描述 | F12: 严重程度 | G12: 责任人 | H12: 提交日期 | I12: 计划关闭日期 | J12: 纠正措施
B13: 1 | C13: ='C001-相控阵数字样机软件研制任务书'!C27 | F13: ='C001-相控阵数字样机软件研制任务书'!F27 | G13: ='C001-相控阵数字样机软件研制任务书'!G27 | H13: ='C001-相控阵数字样机软件研制任务书'!H27 | I13: ='C001-相控阵数字样机软件研制任务书'!I27 | J13: ='C001-相控阵数字样机软件研制任务书'!J27
B14: 2 | C14: ='C001-相控阵数字样机软件研制任务书'!C28 | F14: ='C001-相控阵数字样机软件研制任务书'!F28 | G14: ='C001-相控阵数字样机软件研制任务书'!G28 | H14: ='C001-相控阵数字样机软件研制任务书'!H28 | I14: ='C001-相控阵数字样机软件研制任务书'!I28 | J14: ='C001-相控阵数字样机软件研制任务书'!J28
B16: 纠正措施验证情况：
B17: 已整改并验证通过；已整改并验证通过

Sheet C002-审核需求开发与管理过程
A1: 需求开发与管理检查单
A2: 编号：ZDPX-03046/0.0-QA-检查单-002
A3: 项目名称 | C3: 相控阵数字样机软件 | F3: 当前阶段 | H3: 系统分析与设计 | J3: 项目QA | L3: 高蕾
A4: 审核对象 | C4: 审核需求开发与管理过程 | F4: 产品标识 | H4: — | J4: 产品版本 | L4: —
A6: 序号 | B6: 审核内容 | G6: 是 | H6: 否 | I6: 不适用 | J6: 严重程度 | L6: 备注
A7: 需求开发与确认
A8: 1* | B8: 是否对顾客需求进行了开发并编制了顾客需求文档？（技术协议、软件研制任务书初稿、顾客需求列表等） | G8: ✓
A9: 2* | B9: 是否明确了本项目的需求提供者？ | G9: ✓
A10: 3 | B10: 对文档化的初始顾客需求，是否组织了需求研讨？ （软件研制任务书的研讨、技术协议的研讨等） | G10: ✓
A11: 4 | B11: 需求提供者及其他利益相关方有无参加顾客需求研讨？研讨活动有无留存记录？ | G11: ✓
A12: 5* | B12: 需求提供者、利益相关方和项目参与者对顾客需求有无达成共识？项目参与者对顾客需求有无作出承诺？（软件研制任务书的评审、合同流转签署等） | G12: ✓
A13: 6* | B13: 有无对系统或软件的运行方案和场景进行开发和定义，并体现在相应的文档中？（系统规格、软件需规、技术方案、运行方案等） | G13: ✓
A14: 7* | B14: 有无和利益相关方一起对运行方案和场景进行评审？ | G14: ✓
A15: 8 | B15: 产品和产品部件需求开发是否以顾客需求或系统分配需求（功能基线）作为输入？ | G15: ✓
A16: 9 | B16: 对产品和产品部件需求的开发，除功能需求外，有无包含性能、接口、可靠性、安全性等非功能需求的开发？ | H16: ✓ | J16: 一般 | K16: 必要内容覆盖不完整
A17: 10 | B17: 产品和产品部件需求开发的结果是否文档化？（系统规格、软件需规） | G17: ✓
A18: 11* | B18: 有无对需求的必要性和充分性进行分析，并与利益相关方一起确认需求？（系统规格、软件需规的评审） | G18: ✓
A19: 12* | B19: 是否以通过评审、批准的软件需求规格说明作为软件设计的依据？ | G19: ✓
A20: 13 | B20: 软件设计结果是否文档化？ | G20: ✓
A21: 14* | B21: 软件设计说明是否通过评审？ | G21: ✓
A22: 15* | B22: 是否以通过评审、批准的软件设计说明作为编码的依据？ | G22: ✓
A23: 16* | B23: 源代码是否通过了各级测试？ | G23: ✓
A24: 需求管理
A25: 17* | B25: 软件研制任务书评审通过后，是否建立了功能基线？ | G25: ✓
A26: 18* | B26: 软件需规评审通过后，是否建立了分配基线？ | G26: ✓
A27: 19* | B27: 是否按照体系规定的追踪关系，在生成的各文档中都填写了正向和逆向追踪表。 | G27: ✓
A28: 20 | B28: 项目负责人发现需求管理问题时，是否依据《项目监控过程》的要求填写了“项目问题跟踪表”。 | G28: ✓
A29: 21 | B29: 发现的需求管理问题是否在项目工作例会上通报，并跟踪直至问题关闭。 | G29: ✓
A30: 22 | B30: 项目负责人是否在项目阶段总结、里程碑评审前形成需求管理情况工作报告？ | G30: ✓
A31: 23* | B31: 顾客需求的变更是否得到合同甲方或用户的认可？ | G31: ✓
A32: 24* | B32: 需求发生变更时，是否填写了变更申请单，说明了需变更的内容并进行了影响域分析？ | G32: ✓
A33: 25* | B33: 变更申请是否经过了评估，并得到了批准？批准的权限是否正确？ | G33: ✓
A34: 26 | B34: 需求发生变更时，是否更新了受影响的各项工作产品？ | G34: ✓
A35: 27 | B35: 需求变更完成后，是否通过评审、测试等方式对变更情况进行确认，并填写了变更报告 | H35: ✓ | J35: 一般 | K35: 必要内容覆盖不完整
A36: 28 | B36: 需求变更完成后是否更新了受控库中的功能基线或分配基线并发布？ | G36: ✓
A37: 29* | B37: 当变更影响对外承诺时，是否由公司软件配置控制委员会进行了审批？ | G37: ✓
A39: 不符合项问题明细
A40: 问题ID | B40: 检查项 | C40: 问题描述 | F40: 严重程度 | G40: 责任人 | H40: 提交日期 | I40: 计划关闭日期 | J40: 纠正措施 | L40: 关闭
A41: 3 | B41: 9 | C41: 相关工作产品未完整覆盖本检查项要求的必要内容和适用场景，当前结果不能支撑该项要求已经全部落实。 | F41: 一般 | G41: 赵要浦 | H41: 2025-12-25 | I41: 2025-12-25 | J41: 补齐遗漏内容和适用场景，核对相关输入后组织复核，并保留复核结论。 | L41: 否
A42: 4 | B42: 27 | C42: 相关工作产品未完整覆盖本检查项要求的必要内容和适用场景，当前结果不能支撑该项要求已经全部落实。 | F42: 一般 | G42: 赵要浦 | H42: 2025-12-25 | I42: 2025-12-25 | J42: 补齐遗漏内容和适用场景，核对相关输入后组织复核，并保留复核结论。 | L42: 否

Sheet R002-审核需求开发与管理过程
B1: 过程/产品审核报告
B2: 编号：ZDPX-03046/0.0-QA-审核报告-002
B3: 项目名称 | D3: 相控阵数字样机软件 | H3: 所处阶段 | J3: 系统分析与设计
B4: 审核对象（过程名称/产品名称） | F4: 审核需求开发与管理过程
B5: 审核人 | D5: 高蕾 | F5: 审核日期 | H5: 2025-12-25
B6: 审核依据 | D6: ZDPX-03046/0.0-QA-检查单-002
B7: 本次审核依据《需求开发与管理检查单》实施。经审核，发现2个不符合项。
B9: NC总数 | D9: 轻微 | F9: 一般 | H9: 严重
B10: =COUNTIF(B13:B14,"<>") | D10: =COUNTIF(F13:F14,"轻微") | F10: =COUNTIF(F13:F14,"一般") | H10: =COUNTIF(F13:F14,"严重")
B11: 不符合项问题（NC）列表
B12: 序号 | C12: 问题描述 | F12: 严重程度 | G12: 责任人 | H12: 提交日期 | I12: 计划关闭日期 | J12: 纠正措施
B13: 1 | C13: ='C002-审核需求开发与管理过程'!C41 | F13: ='C002-审核需求开发与管理过程'!F41 | G13: ='C002-审核需求开发与管理过程'!G41 | H13: ='C002-审核需求开发与管理过程'!H41 | I13: ='C002-审核需求开发与管理过程'!I41 | J13: ='C002-审核需求开发与管理过程'!J41
B14: 2 | C14: ='C002-审核需求开发与管理过程'!C42 | F14: ='C002-审核需求开发与管理过程'!F42 | G14: ='C002-审核需求开发与管理过程'!G42 | H14: ='C002-审核需求开发与管理过程'!H42 | I14: ='C002-审核需求开发与管理过程'!I42 | J14: ='C002-审核需求开发与管理过程'!J42
B16: 纠正措施验证情况：
B17: 已整改并验证通过；已整改并验证通过

Sheet C003-审核验证与确认过程
A1: 验证与确认检查单
A2: 编号：ZDPX-03046/0.0-QA-检查单-003
A3: 项目名称 | C3: 相控阵数字样机软件 | F3: 当前阶段 | H3: 系统分析与设计 | J3: 项目QA | L3: 高蕾
A4: 审核对象 | C4: 审核验证与确认过程 | F4: 产品标识 | H4: — | J4: 产品版本 | L4: —
A6: 序号 | B6: 审核内容 | G6: 是 | H6: 否 | I6: 不适用 | J6: 严重程度 | L6: 备注
A7: 通用检查项
A8: 1* | B8: 有无按计划对本阶段工作产品实施验证与确认活动？ | G8: ✓
A9: 工作产品评审过程
A10: 1 | B10: 项目策划时有无制定评审计划，对评审形式、评审对象和评审时机进行明确？ | G10: ✓
A11: 2 | B11: 提交评审的文档是否经过项目QA的产品审核？ | G11: ✓
A12: 3 | B12: 评审前是否基于检查单模板准备了评审检查单？ | G12: ✓
A13: 4 | B13: 若评审检查单的检查项有修改时，是否经过EPG组的审批？ | G13: ✓
A14: 5 | B14: 参加评审的人员是否符合要求(依据相关过程文件规定) | G14: ✓
A15: 6 | B15: 评审是否采取了正确的形式？（会议或审签） | G15: ✓
A16: 7* | B16: 是否记录了评审中发现的缺陷，并按要求形成了评审报告？ | G16: ✓
A17: 8 | B17: 对于评审中发现的缺陷，是否指定了负责修改人？ | G17: ✓
A18: 9 | B18: 是否指定了负责人对评审缺陷的处理情况进行跟踪和验证？是否有跟踪验证的记录？ | G18: ✓
A19: 10* | B19: 评审缺陷是否归零？ | G19: ✓
A20: 测试过程
A21: 1 | B21: 对于测试活动，有无制定测试计划，对测试方法、所需资源、测试对象和范围、测试进度安排进行明确？ | G21: ✓
A22: 2 | B22: 测试计划有无经过评审？ | G22: ✓
A23: 3 | B23: 实施测试前，有无建立测试规程对测试环境、运行场景、输入输出、实施步骤、准入准则、通过准则等予以文档化说明？ | G23: ✓
A24: 4 | B24: 对测试环境有无开展与目标环境的差异性分析？ | G24: ✓
A25: 5* | B25: 测试规程有无经过评审？ | G25: ✓
A26: 6* | B26: 实施测试前有无进行测试就绪状态确认？ | G26: ✓
A27: 7* | B27: 有无如实记录测试用例执行过程？对于有量值要求的指标，有无记录实测值？ | G27: ✓
A28: 8 | B28: 对于测试发现的缺陷有无进行标识、记录并形成问题报告单？ | G28: ✓
A29: 9 | B29: 对于测试缺陷，有无分析并确定原因，并制定纠正措施？ | G29: ✓
A30: 10 | B30: 对属于测试方法、准则及环境等因素的缺陷，有无修订测试规程并重新进行测试？ | G30: ✓
A31: 11 | B31: 对处理后的测试缺陷有无进行回归测试？ | G31: ✓
A32: 12* | B32: 对测试结果有无进行分析总结形成测试报告，并和利益相关方进行沟通确认？ | G32: ✓
... A34: 14* | B34: 测试缺陷有无归零？如未归零，有无明确的放行标准？ | G34: ✓
A36: 不符合项问题明细
A37: 问题ID | B37: 检查项 | C37: 问题描述 | F37: 严重程度 | G37: 责任人 | H37: 提交日期 | I37: 计划关闭日期 | J37: 纠正措施 | L37: 关闭
A38: 本次审核未发现不符合项。

Sheet R003-审核验证与确认过程
B1: 过程/产品审核报告
B2: 编号：ZDPX-03046/0.0-QA-审核报告-003
B3: 项目名称 | D3: 相控阵数字样机软件 | H3: 所处阶段 | J3: 系统分析与设计
B4: 审核对象（过程名称/产品名称） | F4: 审核验证与确认过程
B5: 审核人 | D5: 高蕾 | F5: 审核日期 | H5: 2025-12-25
B6: 审核依据 | D6: ZDPX-03046/0.0-QA-检查单-003
B7: 本次审核依据《验证与确认检查单》实施。经审核，未发现不符合项。
B9: NC总数 | D9: 轻微 | F9: 一般 | H9: 严重
B10: =0 | D10: =0 | F10: =0 | H10: =0
B11: 不符合项问题（NC）列表
B12: 序号 | C12: 问题描述 | F12: 严重程度 | G12: 责任人 | H12: 提交日期 | I12: 计划关闭日期 | J12: 纠正措施
B13: 本次审核未发现不符合项。
B15: 纠正措施验证情况：
B16: 不适用

Sheet C004-审核配置管理过程-阶段末
A1: 配 置 管 理 检 查 单
A2: 编号：ZDPX-03046/0.0-QA-检查单-004
A3: 项目名称 | C3: 相控阵数字样机软件 | F3: 当前阶段 | H3: 系统分析与设计 | J3: 项目QA | L3: 高蕾
A4: 审核对象 | C4: 审核配置管理过程-阶段末 | F4: 产品标识 | H4: — | J4: 产品版本 | L4: —
A6: 序号 | B6: 审核内容 | G6: 是 | H6: 否 | I6: 不适用 | J6: 严重程度 | L6: 备注
A7: 通用检查项
A8: 1 | B8: 是否为项目建立了受控库和开发库？ | G8: ✓
A9: 2* | B9: 是否按计划对配置项进行了受控管理？ | G9: ✓
A10: 3 | B10: 配置项的出入库单填写是否正确？ | G10: ✓
A11: 4 | B11: 受控库中配置项和基线的标识是否遵循了标识规则？ | G11: ✓
A12: 5* | B12: 受控库中基线的组成配置项是否与配置管理计划一致？ | G12: ✓
A13: 6 | B13: 受控库中每个基线版本是否都对应基线发布单？ | G13: ✓
A14: 7 | B14: 基线的建立和和变更情况是否通报给所有受影响的组和个人？ | G14: ✓
A15: 8 | B15: 配置项出入库、基线发布是否都经过了正确的审批？ | G15: ✓
A16: 9 | B16: 受控库是否按配置管理计划中的备份策略进行了备份？ | G16: ✓
A17: 10 | B17: 开发库的使用与配置管理计划要求是否一致？ | G17: ✓
A18: 11 | B18: 环境配置项有无受控管理？ | G18: ✓
A19: 12* | B19: 提交变更申请时，是否具体描述了需变更的内容，并进行了影响域分析？ | G19: ✓
... A29: 22 | B29: 配置管理报告内容是否完整 | G29: ✓
A31: 不符合项问题明细
A32: 问题ID | B32: 检查项 | C32: 问题描述 | F32: 严重程度 | G32: 责任人 | H32: 提交日期 | I32: 计划关闭日期 | J32: 纠正措施 | L32: 关闭
A33: 本次审核未发现不符合项。

Sheet R004-审核配置管理过程-阶段末
B1: 过程/产品审核报告
B2: 编号：ZDPX-03046/0.0-QA-审核报告-004
B3: 项目名称 | D3: 相控阵数字样机软件 | H3: 所处阶段 | J3: 系统分析与设计
B4: 审核对象（过程名称/产品名称） | F4: 审核配置管理过程-阶段末
B5: 审核人 | D5: 高蕾 | F5: 审核日期 | H5: 2025-12-26
B6: 审核依据 | D6: ZDPX-03046/0.0-QA-检查单-004
B7: 本次审核依据《配 置 管 理 检 查 单》实施。经审核，未发现不符合项。
B9: NC总数 | D9: 轻微 | F9: 一般 | H9: 严重
B10: =0 | D10: =0 | F10: =0 | H10: =0
B11: 不符合项问题（NC）列表
B12: 序号 | C12: 问题描述 | F12: 严重程度 | G12: 责任人 | H12: 提交日期 | I12: 计划关闭日期 | J12: 纠正措施
B13: 本次审核未发现不符合项。
B15: 纠正措施验证情况：
B16: 不适用

Sheet _计算
A1: 流水号 | B1: 审核对象 | C1: 问题序号 | D1: NC类型 | E1: 问题描述 | F1: 严重程度 | G1: 是否关闭 | H1: 归组日期 | I1: 节点类型 | J1: 审核日期
A2: 1 | B2: ='R001-相控阵数字样机软件研制任务书'!F4 | C2: ='R001-相控阵数字样机软件研制任务书'!B13 | D2: 工作产品 | E2: ='R001-相控阵数字样机软件研制任务书'!C13 | F2: ='R001-相控阵数字样机软件研制任务书'!F13 | G2: 否 | H2: 未匹配 | I2: 未匹配节点 | J2: 2025-12-24
A3: 1 | B3: ='R001-相控阵数字样机软件研制任务书'!F4 | C3: ='R001-相控阵数字样机软件研制任务书'!B14 | D3: 工作产品 | E3: ='R001-相控阵数字样机软件研制任务书'!C14 | F3: ='R001-相控阵数字样机软件研制任务书'!F14 | G3: 否 | H3: 未匹配 | I3: 未匹配节点 | J3: 2025-12-24
A4: 2 | B4: ='R002-审核需求开发与管理过程'!F4 | C4: ='R002-审核需求开发与管理过程'!B13 | D4: RDM | E4: ='R002-审核需求开发与管理过程'!C13 | F4: ='R002-审核需求开发与管理过程'!F13 | G4: 否 | H4: 未匹配 | I4: 未匹配节点 | J4: 2025-12-25
A5: 2 | B5: ='R002-审核需求开发与管理过程'!F4 | C5: ='R002-审核需求开发与管理过程'!B14 | D5: RDM | E5: ='R002-审核需求开发与管理过程'!C14 | F5: ='R002-审核需求开发与管理过程'!F14 | G5: 否 | H5: 未匹配 | I5: 未匹配节点 | J5: 2025-12-25
