Workbook

Sheet 软件需求规格说明检查单
A1: 软件需求规格说明检查单
A2: 编号： ZDPX-STEP5/0.0-QA-检查单-001
A3: 项目名称 | C3: QualityM Step 5 技术原型 | D3: 当前阶段 | E3: 软件需求分析 | F3: 审核日期 | G3: 46248 | J3: 项目QA | K3: 项目QA
A4: 产品名称 | C4: 软件需求规格说明 | F4: 产品标识 | G4: STEP5 | J4: 产品版本 | K4: V1.0
A5: 序号 | B5: 审 核 内 容 | G5: 结论(填“✓”) | J5: 严重程度 （轻微，一般，严重） | L5: 备注
G6: 是 | H6: 否 | I6: 不适用
A7: 1 | B7: 是否符合有关模板的格式要求。 | H7: ✓ | J7: 一般 | L7: 需求描述未完整覆盖已确认的项目约束。
A8: 2* | B8: 需求描述是否清晰准确？各个需求之间是否存在冲突和矛盾，同一需求的描述是否始终一致。 | G8: ✓
A9: 3 | B9: 是否明确定义了对外接口关系及接口内容？ | G9: ✓
A10: 4 | B10: 是否明确定义了内部接口关系及接口内容？ | G10: ✓
A11: 5 | B11: 是否明确定义了软件内部所有数据元素（包括数据库和数据文件）的需求？ | G11: ✓
A12: 6* | B12: 所有技术需求是否都具备可测试性？ | G12: ✓
A13: 7 | B13: 是否准确说明CSCI适应性要求（即在进行安装和运行时系统环境变量参数要求）？ | G13: ✓
A14: 8* | B14: 是否正确描述了安全性要求，且合理可行和可验证？ | G14: ✓
A15: 9* | B15: 是否正确描述了保密性要求，且合理可行和可验证？ | G15: ✓
A16: 10* | B16: 是否完整、准确描述软件运行的计算机硬件和操作系统等环境需求且与软件研制任务书的要求一致? | G16: ✓
A17: 11* | B17: 是否准确描述了软件研制任务书中对软件质量方面的要求（如：软件的功能性、可靠性、可维护性、可用性、灵活性、可移植性、可重用性、可测试性、易用性）且合理可行和可验证? | G17: ✓
A18: 12 | B18: 是否正确说明了CSCI对人员因素的工程需求（人的能力、限制、人为错误、环境影响）？ | G18: ✓
A19: 13 | B19: 是否正确地提出了为用户提供的软件培训的需求？ | G19: ✓
... A25: 19* | B25: 是否完整、准确地建立了已定义的CSCI需求与上级需求的映射关系，建立需求跟踪表？ | G25: ✓
A26: 说明：
A27: 1) 带有*的检查项，如果审核结论为“否”，则为严重不符合项；无*的检查项，如果审核结论为“否”，则为一般不符合项。
A28: 2) 可根据项目特点增加检查项。

Sheet 001产品审核报告-需求规格
B1: 过程/产品审核报告
B2: 编号：ZDPX-STEP5/0.0-QA-审核报告-001
B3: 项目名称 | C3: QualityM Step 5 技术原型 | H3: 所处阶段 | I3: 软件需求分析
B4: 审核对象（过程名称/产品名称） | F4: 软件需求规格说明
B5: 审核人 | C5: 项目QA | F5: 审核日期 | H5: 46248
B6: 审核依据 | C6: ZDPX-STEP5/0.0-QA-检查单-001
B7: 审核内容概述：
B8: 本次审核依据对应检查单执行；不符合项由检查单公式联动生成。
B9: 按严重程度统计NC | D9: NC总数 | F9: 轻 微 | H9: 一 般 | J9: 严 重
D10: =COUNTIF(C13:C16,"?*") | F10: =COUNTIF(F13:F16,"轻微") | H10: =COUNTIF(F13:F16,"一般") | J10: =COUNTIF(F13:F16,"严重")
B11: 不符合项问题（NC）列表
B12: 序 号 | C12: 问题描述 | F12: 严重程度 | G12: 责任人 | H12: 提交日期 | I12: 计划关闭日期 | J12: 纠正措施
B13: =IF(C13="","",1) | C13: =IF('软件需求规格说明检查单'!$H$7="✓",'软件需求规格说明检查单'!$L$7,"") | F13: =IF(C13="","",'软件需求规格说明检查单'!$J$7) | G13: 项目组长 | H13: 46248 | I13: 46248 | J13: 补充缺失约束并完成一致性复核。
B17: 纠正措施验证情况：
B18: 纠正措施已实施，验证结果以导出快照为准。 验证人/日期：

Sheet 阶段质量审核工作报告
A1: 质量审核工作报告
A2: 编号：ZDPX-STEP5/0.0-QA-质量报告-001
A3: 项目名称 | B3: QualityM Step 5 技术原型
A4: 报告阶段 | B4: 软件需求分析 | D4: 报告起止日期 | F4: 46248 | J4: 项目QA | K4: 项目QA
A5: 审核情况汇总
A6: 审核过程/产品名称 | C6: ='001产品审核报告-需求规格'!$F$4 | K6: 审核时间 | L6: ='001产品审核报告-需求规格'!$H$5
A7: 不符合项列表 | J7: NC类型 | K7: 严重程度 | L7: 是否关闭
A8: =IF('001产品审核报告-需求规格'!$B$13="","",'001产品审核报告-需求规格'!$B$13) | B8: =IF('001产品审核报告-需求规格'!$C$13="","",'001产品审核报告-需求规格'!$C$13) | J8: 工作产品 | K8: =IF($B$8="","",'001产品审核报告-需求规格'!$F$13) | L8: 是
A87: 阶段汇总统计： | C87: 本阶段技术原型包含一个产品审核实例。
A88: 起始时间 | C88: 46248 | G88: 结束时间 | I88: 46248
A89: 产品NC统计
A90: 产品NC总数 | C90: 关闭情况 | G90: 按严重程度分布情况
A91: ='001产品审核报告-需求规格'!$D$10 | C91: 未关闭的产品NC数 | E91: 产品NC关闭率 | I91: 轻微 | K91: 一般 | L91: 严重
C92: 0 | E92: =IFERROR((A91-C92)/A91,0) | G92: NC数 | I92: =COUNTIF($K$8,"轻微") | K92: =COUNTIF($K$8,"一般") | L92: =COUNTIF($K$8,"严重")
G93: 所占比例 | I93: =IFERROR(I92/A91,0) | K93: =IFERROR(K92/A91,0) | L93: =IFERROR(L92/A91,0)
A94: 过程NC统计
A95: 过程NC总数 | C95: 关闭情况 | G95: 按严重程度分布情况
A96: 0 | C96: 未关闭的过程NC数 | E96: 过程NC关闭率 | I96: 轻微 | K96: 一般 | L96: 严重
C97: 0 | E97: 0 | G97: NC数 | I97: 0 | K97: 0 | L97: 0
G98: 所占比例
A99: 过程及产品NC占比统计
A100: NC分布情况 | C100: RDM | D100: PP | E100: PMC | F100: CM | G100: MT | H100: MPM | I100: VV | J100: II | K100: 工作产品 | L100: 总计
A101: NC数 | C101: 0 | D101: 0 | E101: 0 | F101: 0 | G101: 0 | H101: 0 | I101: 0 | J101: 0 | K101: =$A$91 | L101: =SUM(C101:K101)
A102: 所占比例 | C102: =IFERROR(C101/$L$101,0) | D102: =IFERROR(D101/$L$101,0) | E102: =IFERROR(E101/$L$101,0) | F102: =IFERROR(F101/$L$101,0) | G102: =IFERROR(G101/$L$101,0) | H102: =IFERROR(H101/$L$101,0) | I102: =IFERROR(I101/$L$101,0) | J102: =IFERROR(J101/$L$101,0) | K102: =IFERROR(K101/$L$101,0) | L102: ─
A103: 数据分析
A104: 本阶段原型统计由检查单、单次审核报告和阶段报告公式逐级联动。
