Workbook

Sheet 审核目录
A1: 阶段质量审核记录目录
A2: 项目：相控阵数字样机软件 | C2: 阶段：软件合格性测试及集成试运行阶段
A4: 流水号 | B4: 审核对象 | C4: 检查单 | D4: 审核报告
A5: 39 | B5: 相控阵数字样机软件测试说明 | C5: 打开检查单 | D5: 打开审核报告
A6: 40 | B6: 审核项目策划 | C6: 打开检查单 | D6: 打开审核报告
A7: 41 | B7: 相控阵数字样机软件用户手册 | C7: 打开检查单 | D7: 打开审核报告
A8: 42 | B8: 相控阵数字样机软件测试报告 | C8: 打开检查单 | D8: 打开审核报告
A9: 43 | B9: 审核验证与确认过程 | C9: 打开检查单 | D9: 打开审核报告
A10: 44 | B10: 审核需求开发与管理 | C10: 打开检查单 | D10: 打开审核报告
A11: 45 | B11: 审核配置管理过程-阶段 | C11: 打开检查单 | D11: 打开审核报告
A12: 46 | B12: 审核项目监控过程-阶段 | C12: 打开检查单 | D12: 打开审核报告
A13: 47 | B13: 审核测量与绩效管理-阶段 | C13: 打开检查单 | D13: 打开审核报告

Sheet 阶段质量审核工作报告
A1: 质量审核工作报告
A2: 编号：ZDPX-03046/0.0-QA-质量报告-005
A3: 项目名称 | C3: 相控阵数字样机软件 | G3: 报告阶段 | I3: 软件合格性测试及集成试运行阶段
A4: 报告起止日期 | C4: 2026-03-12 至 2026-03-30 | G4: 项目QA | I4: 高蕾
A6: 审核情况汇总
A7: 流水号 | B7: 审核对象 | C7: 审核日期 | D7: 节点 | E7: NC类型 | F7: 问题描述 | J7: 严重程度 | K7: 是否关闭 | L7: 审核状态
A8: 阶段汇总：2026-03-30
A9: 39 | B9: ='_计算'!B2 | C9: 2026-03-12 | D9: 阶段 | E9: ='_计算'!D2 | F9: ='_计算'!E2 | J9: ='_计算'!F2 | K9: ='_计算'!G2 | L9: 未确认
A10: 40 | B10: 审核项目策划 | C10: 2026-03-13 | D10: 阶段 | F10: 未发现不符合项 | L10: 未确认
A11: 41 | B11: ='_计算'!B3 | C11: 2026-03-20 | D11: 阶段 | E11: ='_计算'!D3 | F11: ='_计算'!E3 | J11: ='_计算'!F3 | K11: ='_计算'!G3 | L11: 未确认
A12: 41 | B12: ='_计算'!B4 | C12: 2026-03-20 | D12: 阶段 | E12: ='_计算'!D4 | F12: ='_计算'!E4 | J12: ='_计算'!F4 | K12: ='_计算'!G4 | L12: 未确认
A13: 42 | B13: ='_计算'!B5 | C13: 2026-03-23 | D13: 阶段 | E13: ='_计算'!D5 | F13: ='_计算'!E5 | J13: ='_计算'!F5 | K13: ='_计算'!G5 | L13: 未确认
A14: 42 | B14: ='_计算'!B6 | C14: 2026-03-23 | D14: 阶段 | E14: ='_计算'!D6 | F14: ='_计算'!E6 | J14: ='_计算'!F6 | K14: ='_计算'!G6 | L14: 未确认
A15: 43 | B15: 审核验证与确认过程 | C15: 2026-03-30 | D15: 阶段 | F15: 未发现不符合项 | L15: 未确认
A16: 44 | B16: 审核需求开发与管理 | C16: 2026-03-30 | D16: 阶段 | F16: 未发现不符合项 | L16: 未确认
A17: 45 | B17: ='_计算'!B7 | C17: 2026-03-30 | D17: 阶段 | E17: ='_计算'!D7 | F17: ='_计算'!E7 | J17: ='_计算'!F7 | K17: ='_计算'!G7 | L17: 未确认
A18: 45 | B18: ='_计算'!B8 | C18: 2026-03-30 | D18: 阶段 | E18: ='_计算'!D8 | F18: ='_计算'!E8 | J18: ='_计算'!F8 | K18: ='_计算'!G8 | L18: 未确认
A19: 46 | B19: ='_计算'!B9 | C19: 2026-03-30 | D19: 阶段 | E19: ='_计算'!D9 | F19: ='_计算'!E9 | J19: ='_计算'!F9 | K19: ='_计算'!G9 | L19: 未确认
A20: 47 | B20: ='_计算'!B10 | C20: 2026-03-30 | D20: 阶段 | E20: ='_计算'!D10 | F20: ='_计算'!E10 | J20: ='_计算'!F10 | K20: ='_计算'!G10 | L20: 未确认
A21: 节点统计 | E21: NC总数 | F21: =COUNTIF(J9:J20,"?*") | G21: 未关闭 | H21: =COUNTIF(K9:K20,"否") | I21: 严重 | J21: =COUNTIF(J9:J20,"严重")
A23: 阶段汇总统计
A24: 产品NC总数 | B24: =COUNTIF('_计算'!D2:D10,"工作产品") | C24: 过程NC总数 | D24: =COUNTIFS('_计算'!D2:D10,"<>工作产品",'_计算'!D2:D10,"<>") | E24: 未关闭NC数 | F24: =COUNTIF('_计算'!G2:G10,"否") | G24: 轻微 | H24: =COUNTIF('_计算'!F2:F10,"轻微") | I24: 一般 | J24: =COUNTIF('_计算'!F2:F10,"一般") | K24: 严重 | L24: =COUNTIF('_计算'!F2:F10,"严重")
A25: RDM | B25: PP | C25: PMC | D25: CM | E25: MT | F25: MPM | G25: VV | H25: II | I25: 工作产品 | J25: 总计
A26: =COUNTIF('_计算'!D2:D10,"RDM") | B26: =COUNTIF('_计算'!D2:D10,"PP") | C26: =COUNTIF('_计算'!D2:D10,"PMC") | D26: =COUNTIF('_计算'!D2:D10,"CM") | E26: =COUNTIF('_计算'!D2:D10,"MT") | F26: =COUNTIF('_计算'!D2:D10,"MPM") | G26: =COUNTIF('_计算'!D2:D10,"VV") | H26: =COUNTIF('_计算'!D2:D10,"II") | I26: =COUNTIF('_计算'!D2:D10,"工作产品") | J26: =SUM(A26:I26)

Sheet C039-相控阵数字样机软件测试说明
A1: 软件测试说明检查单
A2: 编号：ZDPX-03046/0.0-QA-检查单-039
A3: 项目名称 | C3: 相控阵数字样机软件 | F3: 当前阶段 | H3: 软件合格性测试及集成试运行阶段 | J3: 项目QA | L3: 高蕾
A4: 审核对象 | C4: 相控阵数字样机软件测试说明 | F4: 产品标识 | H4: ZDPX03046/0.0-HCSM | J4: 产品版本 | L4: V1.0
A6: 序号 | B6: 审核内容 | G6: 是 | H6: 否 | I6: 不适用 | J6: 严重程度 | L6: 备注
A7: 通用检查项
A8: 1 | B8: 是否符合有关模板的格式要求。 | H8: ✓ | J8: 一般 | K8: 必要内容覆盖不完整
A9: 2 | B9: 是否正确描述了本文档适用的测试级别（合格性测试、集成测试、单元测试）。 | G9: ✓
A10: 3 | B10: 是否完整、准确描述了测试前需要作的硬件准备过程。 | G10: ✓
A11: 4 | B11: 是否完整、准确描述了测试前需要作的软件准备过程，包括数据的准备等。 | G11: ✓
A12: 5 | B12: 是否完整、准确描述了为了顺利实施测试所需要提前准备的数据。 | G12: ✓
A13: 6 | B13: 是否准确描述所需的其它准备工作，如人员活动、安全与保密要求、必要的实施手续 | G13: ✓
A14: 7 | B14: 是否正确描述了采用的测试方法且合理可行。 | G14: ✓
A15: 8* | B15: 是否完整、准确列出了功能、性能、接口对应的测试用例。 | G15: ✓
A16: 9* | B16: 是否每个测试用例对应一个详细的执行步骤记录。 | G16: ✓
A17: 10 | B17: 是否完整、准确地列出需求与测试项之间的追踪关系。 | G17: ✓
A19: 不符合项问题明细
A20: 问题ID | B20: 检查项 | C20: 问题描述 | F20: 严重程度 | G20: 责任人 | H20: 提交日期 | I20: 计划关闭日期 | J20: 纠正措施 | L20: 关闭
A21: 42 | B21: 1 | C21: 相关工作产品未完整覆盖本检查项要求的必要内容和适用场景，当前结果不能支撑该项要求已经全部落实。 | F21: 一般 | G21: 赵要浦 | H21: 2026-03-12 | I21: 2026-03-13 | J21: 补齐遗漏内容和适用场景，核对相关输入后组织复核，并保留复核结论。 | L21: 否

Sheet R039-相控阵数字样机软件测试说明
B1: 过程/产品审核报告
B2: 编号：ZDPX-03046/0.0-QA-审核报告-039
B3: 项目名称 | D3: 相控阵数字样机软件 | H3: 所处阶段 | J3: 软件合格性测试及集成试运行阶段
B4: 审核对象（过程名称/产品名称） | F4: 相控阵数字样机软件测试说明
B5: 审核人 | D5: 高蕾 | F5: 审核日期 | H5: 2026-03-12
B6: 审核依据 | D6: ZDPX-03046/0.0-QA-检查单-039
B7: 本次审核依据《软件测试说明检查单》实施。经审核，发现1个不符合项。
B9: NC总数 | D9: 轻微 | F9: 一般 | H9: 严重
B10: =COUNTIF(B13:B13,"<>") | D10: =COUNTIF(F13:F13,"轻微") | F10: =COUNTIF(F13:F13,"一般") | H10: =COUNTIF(F13:F13,"严重")
B11: 不符合项问题（NC）列表
B12: 序号 | C12: 问题描述 | F12: 严重程度 | G12: 责任人 | H12: 提交日期 | I12: 计划关闭日期 | J12: 纠正措施
B13: 1 | C13: ='C039-相控阵数字样机软件测试说明'!C21 | F13: ='C039-相控阵数字样机软件测试说明'!F21 | G13: ='C039-相控阵数字样机软件测试说明'!G21 | H13: ='C039-相控阵数字样机软件测试说明'!H21 | I13: ='C039-相控阵数字样机软件测试说明'!I21 | J13: ='C039-相控阵数字样机软件测试说明'!J21
B15: 纠正措施验证情况：
B16: 已整改并验证通过

Sheet C040-审核项目策划
A1: 项目策划检查单
A2: 编号：ZDPX-03046/0.0-QA-检查单-040
A3: 项目名称 | C3: 相控阵数字样机软件 | F3: 当前阶段 | H3: 软件合格性测试及集成试运行阶段 | J3: 项目QA | L3: 高蕾
A4: 审核对象 | C4: 审核项目策划 | F4: 产品标识 | H4: — | J4: 产品版本 | L4: —
A6: 序号 | B6: 审核内容 | G6: 是 | H6: 否 | I6: 不适用 | J6: 严重程度 | L6: 备注
A7: 通用检查项
A8: 1 | B8: 是否对软件产品进行了标识并记录？ | G8: ✓
A9: 2* | B9: 是否为软件项目选择了生存周期模型，并说明了理由？ | G9: ✓
A10: 3* | B10: 是否对标准过程进行了裁剪，确定了软件项目的过程？ | G10: ✓
A11: 4 | B11: 是否生成工作分解结构并记录？ | G11: ✓
A12: 5 | B12: 是否进行了软件工作产品规模估计？ | G12: ✓
A13: 6 | B13: 是否进行了工作量/成本估计？ | G13: ✓
A14: 7 | B14: 所采用的估计方法是否按正确步骤实施？ | G14: ✓
A15: 8 | B15: 估算结果是否形成了估算报告？ | G15: ✓
A16: 9 | B16: 是否记录了估计的假设数据及假设的依据？ | G16: ✓
A17: 10 | B17: 是否明确并记录了关键路径、任务参与方、利益相关方、资源需求等进度安排依据？ | G17: ✓
A18: 11* | B18: 是否依据估算结果进行了进度安排？ | G18: ✓
A19: 12* | B19: 是否定义了软件项目的里程碑？ | G19: ✓
... A33: 26 | B33: 阶段详细策划的结果是否通知到相关项目组成员，以获得对阶段详细计划的承诺？ | G33: ✓
A35: 不符合项问题明细
A36: 问题ID | B36: 检查项 | C36: 问题描述 | F36: 严重程度 | G36: 责任人 | H36: 提交日期 | I36: 计划关闭日期 | J36: 纠正措施 | L36: 关闭
A37: 本次审核未发现不符合项。

Sheet R040-审核项目策划
B1: 过程/产品审核报告
B2: 编号：ZDPX-03046/0.0-QA-审核报告-040
B3: 项目名称 | D3: 相控阵数字样机软件 | H3: 所处阶段 | J3: 软件合格性测试及集成试运行阶段
B4: 审核对象（过程名称/产品名称） | F4: 审核项目策划
B5: 审核人 | D5: 高蕾 | F5: 审核日期 | H5: 2026-03-13
B6: 审核依据 | D6: ZDPX-03046/0.0-QA-检查单-040
B7: 本次审核依据《项目策划检查单》实施。经审核，未发现不符合项。
B9: NC总数 | D9: 轻微 | F9: 一般 | H9: 严重
B10: =0 | D10: =0 | F10: =0 | H10: =0
B11: 不符合项问题（NC）列表
B12: 序号 | C12: 问题描述 | F12: 严重程度 | G12: 责任人 | H12: 提交日期 | I12: 计划关闭日期 | J12: 纠正措施
B13: 本次审核未发现不符合项。
B15: 纠正措施验证情况：
B16: 不适用

Sheet C041-相控阵数字样机软件用户手册
A1: 软件用户手册检查单
A2: 编号：ZDPX-03046/0.0-QA-检查单-041
A3: 项目名称 | C3: 相控阵数字样机软件 | F3: 当前阶段 | H3: 软件合格性测试及集成试运行阶段 | J3: 项目QA | L3: 高蕾
A4: 审核对象 | C4: 相控阵数字样机软件用户手册 | F4: 产品标识 | H4: ZDPX03046/0.0-RJSC | J4: 产品版本 | L4: V1.0
A6: 序号 | B6: 审核内容 | G6: 是 | H6: 否 | I6: 不适用 | J6: 严重程度 | L6: 备注
A7: 通用检查项
A8: 1 | B8: 是否符合相关模板的要求？ | G8: ✓
A9: 2 | B9: 是否完整、正确描述了本软件可能的各种应用场景及其用途？ | G9: ✓
A10: 3 | B10: 是否完整、正确地列出了使软件运行所需安装的所有软件文件（包括：软件文件的安全保密性要求和紧急处理说明等）？ | G10: ✓
A11: 4 | B11: 是否完整、正确地描述了用户安装运行软件所需的硬件资源要求（包括：计算机类型、CPU、内存容量、硬盘容量、计算机网络设备等要求）？ | H11: ✓ | J11: 一般 | K11: 必要内容覆盖不完整
A12: 5 | B12: 是否完整、正确描述了用户安装运行软件所需的软件资源要求（包括：操作系统、数据库、支持软件系统等）？ | G12: ✓
A13: 6 | B13: 是否完整、正确说明了软件的逻辑部件组成及其用途和性能（如：输入输出数量和速率、响应或处理时间等）？ | G13: ✓
A14: 7 | B14: 是否说明了软件在紧急情况或不同的运行状态和方式下需要用户采取的不同的处理措施？ | G14: ✓
A15: 8 | B15: 是否完整、准确描述了使用软件的安全保密性要求（如：用户对非法制作和拷贝软件及其文档的行为的防护措施？ | G15: ✓
A16: 9 | B16: 是否准确描述了用户在使用软件的过程中遇到问题时的联系方式和应办理的手续? | G16: ✓
A17: 10 | B17: 是否描述了在计算机中安装软件和配置运行参数的过程。 | G17: ✓
A18: 11 | B18: 是否描述了软件启动的过程（包括所有可用的选项和遇到问题时的处理方法等）。 | H18: ✓ | J18: 一般 | K18: 必要内容覆盖不完整
A19: 12 | B19: 是否描述了用户中断和停止软件运行的方法。 | G19: ✓
A20: 13 | B20: 是否完整、准确说明了软件所使用的各种约定（如，人机界面元素的颜色、告警声音和缩略语等）。 | G20: ✓
A21: 14 | B21: 是否完整、准确说明了软件各项功能所使用的人机界面元素（如菜单、按钮、图标等）操作顺序和过程。 | G21: ✓
A22: 15 | B22: 是否完整、准确描述了软件运行时所进行的批处理、脱机处理或后台处理。 | G22: ✓
A23: 16 | B23: 是否完整、准确描述了创建和保存软件运行所需的备份数据的方法。 | G23: ✓
A24: 17 | B24: 是否描述了当软件运行时出现错误、误动作时，用户重新启动或恢复运行软件的方法和详细步骤。 | G24: ✓
A25: 18 | B25: 是否完整、准确列出了软件运行时可能发生的所有错误信息、诊断信息和提示消息，且说明了其含义和采取的措施。 | G25: ✓
A26: 19 | B26: 是否说明软件运行故障的诊断方法。 | G26: ✓
A28: 不符合项问题明细
A29: 问题ID | B29: 检查项 | C29: 问题描述 | F29: 严重程度 | G29: 责任人 | H29: 提交日期 | I29: 计划关闭日期 | J29: 纠正措施 | L29: 关闭
A30: 43 | B30: 4 | C30: 相关工作产品未完整覆盖本检查项要求的必要内容和适用场景，当前结果不能支撑该项要求已经全部落实。 | F30: 一般 | G30: 赵要浦 | H30: 2026-03-20 | I30: 2026-03-23 | J30: 补齐遗漏内容和适用场景，核对相关输入后组织复核，并保留复核结论。 | L30: 否
A31: 44 | B31: 11 | C31: 相关工作产品未完整覆盖本检查项要求的必要内容和适用场景，当前结果不能支撑该项要求已经全部落实。 | F31: 一般 | G31: 赵要浦 | H31: 2026-03-20 | I31: 2026-03-23 | J31: 补齐遗漏内容和适用场景，核对相关输入后组织复核，并保留复核结论。 | L31: 否

Sheet R041-相控阵数字样机软件用户手册
B1: 过程/产品审核报告
B2: 编号：ZDPX-03046/0.0-QA-审核报告-041
B3: 项目名称 | D3: 相控阵数字样机软件 | H3: 所处阶段 | J3: 软件合格性测试及集成试运行阶段
B4: 审核对象（过程名称/产品名称） | F4: 相控阵数字样机软件用户手册
B5: 审核人 | D5: 高蕾 | F5: 审核日期 | H5: 2026-03-20
B6: 审核依据 | D6: ZDPX-03046/0.0-QA-检查单-041
B7: 本次审核依据《软件用户手册检查单》实施。经审核，发现2个不符合项。
B9: NC总数 | D9: 轻微 | F9: 一般 | H9: 严重
B10: =COUNTIF(B13:B14,"<>") | D10: =COUNTIF(F13:F14,"轻微") | F10: =COUNTIF(F13:F14,"一般") | H10: =COUNTIF(F13:F14,"严重")
B11: 不符合项问题（NC）列表
B12: 序号 | C12: 问题描述 | F12: 严重程度 | G12: 责任人 | H12: 提交日期 | I12: 计划关闭日期 | J12: 纠正措施
B13: 1 | C13: ='C041-相控阵数字样机软件用户手册'!C30 | F13: ='C041-相控阵数字样机软件用户手册'!F30 | G13: ='C041-相控阵数字样机软件用户手册'!G30 | H13: ='C041-相控阵数字样机软件用户手册'!H30 | I13: ='C041-相控阵数字样机软件用户手册'!I30 | J13: ='C041-相控阵数字样机软件用户手册'!J30
B14: 2 | C14: ='C041-相控阵数字样机软件用户手册'!C31 | F14: ='C041-相控阵数字样机软件用户手册'!F31 | G14: ='C041-相控阵数字样机软件用户手册'!G31 | H14: ='C041-相控阵数字样机软件用户手册'!H31 | I14: ='C041-相控阵数字样机软件用户手册'!I31 | J14: ='C041-相控阵数字样机软件用户手册'!J31
B16: 纠正措施验证情况：
B17: 已整改并验证通过；已整改并验证通过

Sheet C042-相控阵数字样机软件测试报告
A1: 软件测试报告检查单
A2: 编号：ZDPX-03046/0.0-QA-检查单-042
A3: 项目名称 | C3: 相控阵数字样机软件 | F3: 当前阶段 | H3: 软件合格性测试及集成试运行阶段 | J3: 项目QA | L3: 高蕾
A4: 审核对象 | C4: 相控阵数字样机软件测试报告 | F4: 产品标识 | H4: ZDPX03046/0.0-HCBG | J4: 产品版本 | L4: V1.0
A6: 序号 | B6: 审核内容 | G6: 是 | H6: 否 | I6: 不适用 | J6: 严重程度 | L6: 备注
A7: 通用检查项
A8: 1 | B8: 是否完整、准确记录了软件的完整标识？ | H8: ✓ | J8: 一般 | K8: 必要内容覆盖不完整
A9: 2 | B9: 是否正确记录了本文档所适用对象的用途？ | G9: ✓
A10: 3 | B10: 是否完整、准确记录了本测试报告的依据？ | G10: ✓
A11: 4 | B11: 是否准确地说明了本测试报告的级别（单元测试、集成测试、合格性测试）？ | G11: ✓
A12: 5 | B12: 是否完整、准确地说明了测试过程？ | G12: ✓
A13: 6* | B13: 是否对被测软件有总体评估？ | G13: ✓
A14: 7* | B14: 是否完整、准确的记录了测试用例执行结果？ | G14: ✓
A15: 8* | B15: 是否有完整的问题报告单？ | H15: ✓ | J15: 严重 | K15: 必要内容覆盖不完整
A17: 不符合项问题明细
A18: 问题ID | B18: 检查项 | C18: 问题描述 | F18: 严重程度 | G18: 责任人 | H18: 提交日期 | I18: 计划关闭日期 | J18: 纠正措施 | L18: 关闭
A19: 45 | B19: 1 | C19: 相关工作产品未完整覆盖本检查项要求的必要内容和适用场景，当前结果不能支撑该项要求已经全部落实。 | F19: 一般 | G19: 赵要浦 | H19: 2026-03-23 | I19: 2026-03-24 | J19: 补齐遗漏内容和适用场景，核对相关输入后组织复核，并保留复核结论。 | L19: 否
A20: 46 | B20: 8 | C20: 相关工作产品未完整覆盖本检查项要求的必要内容和适用场景，当前结果不能支撑该项要求已经全部落实。 | F20: 严重 | G20: 赵要浦 | H20: 2026-03-23 | I20: 2026-03-24 | J20: 补齐遗漏内容和适用场景，核对相关输入后组织复核，并保留复核结论。 | L20: 否

Sheet R042-相控阵数字样机软件测试报告
B1: 过程/产品审核报告
B2: 编号：ZDPX-03046/0.0-QA-审核报告-042
B3: 项目名称 | D3: 相控阵数字样机软件 | H3: 所处阶段 | J3: 软件合格性测试及集成试运行阶段
B4: 审核对象（过程名称/产品名称） | F4: 相控阵数字样机软件测试报告
B5: 审核人 | D5: 高蕾 | F5: 审核日期 | H5: 2026-03-23
B6: 审核依据 | D6: ZDPX-03046/0.0-QA-检查单-042
B7: 本次审核依据《软件测试报告检查单》实施。经审核，发现2个不符合项。
B9: NC总数 | D9: 轻微 | F9: 一般 | H9: 严重
B10: =COUNTIF(B13:B14,"<>") | D10: =COUNTIF(F13:F14,"轻微") | F10: =COUNTIF(F13:F14,"一般") | H10: =COUNTIF(F13:F14,"严重")
B11: 不符合项问题（NC）列表
B12: 序号 | C12: 问题描述 | F12: 严重程度 | G12: 责任人 | H12: 提交日期 | I12: 计划关闭日期 | J12: 纠正措施
B13: 1 | C13: ='C042-相控阵数字样机软件测试报告'!C19 | F13: ='C042-相控阵数字样机软件测试报告'!F19 | G13: ='C042-相控阵数字样机软件测试报告'!G19 | H13: ='C042-相控阵数字样机软件测试报告'!H19 | I13: ='C042-相控阵数字样机软件测试报告'!I19 | J13: ='C042-相控阵数字样机软件测试报告'!J19
B14: 2 | C14: ='C042-相控阵数字样机软件测试报告'!C20 | F14: ='C042-相控阵数字样机软件测试报告'!F20 | G14: ='C042-相控阵数字样机软件测试报告'!G20 | H14: ='C042-相控阵数字样机软件测试报告'!H20 | I14: ='C042-相控阵数字样机软件测试报告'!I20 | J14: ='C042-相控阵数字样机软件测试报告'!J20
B16: 纠正措施验证情况：
B17: 已整改并验证通过；已整改并验证通过

Sheet C043-审核验证与确认过程
A1: 验证与确认检查单
A2: 编号：ZDPX-03046/0.0-QA-检查单-043
A3: 项目名称 | C3: 相控阵数字样机软件 | F3: 当前阶段 | H3: 软件合格性测试及集成试运行阶段 | J3: 项目QA | L3: 高蕾
A4: 审核对象 | C4: 审核验证与确认过程 | F4: 产品标识 | H4: — | J4: 产品版本 | L4: —
A6: 序号 | B6: 审核内容 | G6: 是 | H6: 否 | I6: 不适用 | J6: 严重程度 | L6: 备注
A7: 通用检查项
A8: 1* | B8: 有无按计划对本阶段工作产品实施验证与确认活动？ | G8: ✓
A9: 工作产品评审过程
A10: 1 | B10: 项目策划时有无制定评审计划，对评审形式、评审对象和评审时机进行明确？ | G10: ✓
A11: 2 | B11: 提交评审的文档是否经过项目QA的产品审核？ | G11: ✓
A12: 3 | B12: 评审前是否基于检查单模板准备了评审检查单？ | G12: ✓
A13: 4 | B13: 若评审检查单的检查项有修改时，是否经过EPG组的审批？ | G13: ✓
A14: 5 | B14: 参加评审的人员是否符合要求(依据相关过程文件规定) | G14: ✓
A15: 6 | B15: 评审是否采取了正确的形式？（会议或审签） | G15: ✓
A16: 7* | B16: 是否记录了评审中发现的缺陷，并按要求形成了评审报告？ | G16: ✓
A17: 8 | B17: 对于评审中发现的缺陷，是否指定了负责修改人？ | G17: ✓
A18: 9 | B18: 是否指定了负责人对评审缺陷的处理情况进行跟踪和验证？是否有跟踪验证的记录？ | G18: ✓
A19: 10* | B19: 评审缺陷是否归零？ | G19: ✓
A20: 测试过程
A21: 1 | B21: 对于测试活动，有无制定测试计划，对测试方法、所需资源、测试对象和范围、测试进度安排进行明确？ | G21: ✓
A22: 2 | B22: 测试计划有无经过评审？ | G22: ✓
A23: 3 | B23: 实施测试前，有无建立测试规程对测试环境、运行场景、输入输出、实施步骤、准入准则、通过准则等予以文档化说明？ | G23: ✓
A24: 4 | B24: 对测试环境有无开展与目标环境的差异性分析？ | G24: ✓
A25: 5* | B25: 测试规程有无经过评审？ | G25: ✓
A26: 6* | B26: 实施测试前有无进行测试就绪状态确认？ | G26: ✓
A27: 7* | B27: 有无如实记录测试用例执行过程？对于有量值要求的指标，有无记录实测值？ | G27: ✓
A28: 8 | B28: 对于测试发现的缺陷有无进行标识、记录并形成问题报告单？ | G28: ✓
A29: 9 | B29: 对于测试缺陷，有无分析并确定原因，并制定纠正措施？ | G29: ✓
A30: 10 | B30: 对属于测试方法、准则及环境等因素的缺陷，有无修订测试规程并重新进行测试？ | G30: ✓
A31: 11 | B31: 对处理后的测试缺陷有无进行回归测试？ | G31: ✓
A32: 12* | B32: 对测试结果有无进行分析总结形成测试报告，并和利益相关方进行沟通确认？ | G32: ✓
... A34: 14* | B34: 测试缺陷有无归零？如未归零，有无明确的放行标准？ | G34: ✓
A36: 不符合项问题明细
A37: 问题ID | B37: 检查项 | C37: 问题描述 | F37: 严重程度 | G37: 责任人 | H37: 提交日期 | I37: 计划关闭日期 | J37: 纠正措施 | L37: 关闭
A38: 本次审核未发现不符合项。

Sheet R043-审核验证与确认过程
B1: 过程/产品审核报告
B2: 编号：ZDPX-03046/0.0-QA-审核报告-043
B3: 项目名称 | D3: 相控阵数字样机软件 | H3: 所处阶段 | J3: 软件合格性测试及集成试运行阶段
B4: 审核对象（过程名称/产品名称） | F4: 审核验证与确认过程
B5: 审核人 | D5: 高蕾 | F5: 审核日期 | H5: 2026-03-30
B6: 审核依据 | D6: ZDPX-03046/0.0-QA-检查单-043
B7: 本次审核依据《验证与确认检查单》实施。经审核，未发现不符合项。
B9: NC总数 | D9: 轻微 | F9: 一般 | H9: 严重
B10: =0 | D10: =0 | F10: =0 | H10: =0
B11: 不符合项问题（NC）列表
B12: 序号 | C12: 问题描述 | F12: 严重程度 | G12: 责任人 | H12: 提交日期 | I12: 计划关闭日期 | J12: 纠正措施
B13: 本次审核未发现不符合项。
B15: 纠正措施验证情况：
B16: 不适用

Sheet C044-审核需求开发与管理
A1: 需求开发与管理检查单
A2: 编号：ZDPX-03046/0.0-QA-检查单-044
A3: 项目名称 | C3: 相控阵数字样机软件 | F3: 当前阶段 | H3: 软件合格性测试及集成试运行阶段 | J3: 项目QA | L3: 高蕾
A4: 审核对象 | C4: 审核需求开发与管理 | F4: 产品标识 | H4: — | J4: 产品版本 | L4: —
A6: 序号 | B6: 审核内容 | G6: 是 | H6: 否 | I6: 不适用 | J6: 严重程度 | L6: 备注
A7: 需求开发与确认
A8: 1* | B8: 是否对顾客需求进行了开发并编制了顾客需求文档？（技术协议、软件研制任务书初稿、顾客需求列表等） | G8: ✓
A9: 2* | B9: 是否明确了本项目的需求提供者？ | G9: ✓
A10: 3 | B10: 对文档化的初始顾客需求，是否组织了需求研讨？ （软件研制任务书的研讨、技术协议的研讨等） | G10: ✓
A11: 4 | B11: 需求提供者及其他利益相关方有无参加顾客需求研讨？研讨活动有无留存记录？ | G11: ✓
A12: 5* | B12: 需求提供者、利益相关方和项目参与者对顾客需求有无达成共识？项目参与者对顾客需求有无作出承诺？（软件研制任务书的评审、合同流转签署等） | G12: ✓
A13: 6* | B13: 有无对系统或软件的运行方案和场景进行开发和定义，并体现在相应的文档中？（系统规格、软件需规、技术方案、运行方案等） | G13: ✓
A14: 7* | B14: 有无和利益相关方一起对运行方案和场景进行评审？ | G14: ✓
A15: 8 | B15: 产品和产品部件需求开发是否以顾客需求或系统分配需求（功能基线）作为输入？ | G15: ✓
A16: 9 | B16: 对产品和产品部件需求的开发，除功能需求外，有无包含性能、接口、可靠性、安全性等非功能需求的开发？ | G16: ✓
A17: 10 | B17: 产品和产品部件需求开发的结果是否文档化？（系统规格、软件需规） | G17: ✓
A18: 11* | B18: 有无对需求的必要性和充分性进行分析，并与利益相关方一起确认需求？（系统规格、软件需规的评审） | G18: ✓
A19: 12* | B19: 是否以通过评审、批准的软件需求规格说明作为软件设计的依据？ | G19: ✓
... A23: 16* | B23: 源代码是否通过了各级测试？ | G23: ✓
A24: 需求管理
A25: 17* | B25: 软件研制任务书评审通过后，是否建立了功能基线？ | G25: ✓
A26: 18* | B26: 软件需规评审通过后，是否建立了分配基线？ | G26: ✓
A27: 19* | B27: 是否按照体系规定的追踪关系，在生成的各文档中都填写了正向和逆向追踪表。 | G27: ✓
A28: 20 | B28: 项目负责人发现需求管理问题时，是否依据《项目监控过程》的要求填写了“项目问题跟踪表”。 | G28: ✓
A29: 21 | B29: 发现的需求管理问题是否在项目工作例会上通报，并跟踪直至问题关闭。 | G29: ✓
A30: 22 | B30: 项目负责人是否在项目阶段总结、里程碑评审前形成需求管理情况工作报告？ | G30: ✓
A31: 23* | B31: 顾客需求的变更是否得到合同甲方或用户的认可？ | G31: ✓
A32: 24* | B32: 需求发生变更时，是否填写了变更申请单，说明了需变更的内容并进行了影响域分析？ | G32: ✓
A33: 25* | B33: 变更申请是否经过了评估，并得到了批准？批准的权限是否正确？ | G33: ✓
A34: 26 | B34: 需求发生变更时，是否更新了受影响的各项工作产品？ | G34: ✓
A35: 27 | B35: 需求变更完成后，是否通过评审、测试等方式对变更情况进行确认，并填写了变更报告 | G35: ✓
A36: 28 | B36: 需求变更完成后是否更新了受控库中的功能基线或分配基线并发布？ | G36: ✓
A37: 29* | B37: 当变更影响对外承诺时，是否由公司软件配置控制委员会进行了审批？ | G37: ✓
A39: 不符合项问题明细
A40: 问题ID | B40: 检查项 | C40: 问题描述 | F40: 严重程度 | G40: 责任人 | H40: 提交日期 | I40: 计划关闭日期 | J40: 纠正措施 | L40: 关闭
A41: 本次审核未发现不符合项。

Sheet R044-审核需求开发与管理
B1: 过程/产品审核报告
B2: 编号：ZDPX-03046/0.0-QA-审核报告-044
B3: 项目名称 | D3: 相控阵数字样机软件 | H3: 所处阶段 | J3: 软件合格性测试及集成试运行阶段
B4: 审核对象（过程名称/产品名称） | F4: 审核需求开发与管理
B5: 审核人 | D5: 高蕾 | F5: 审核日期 | H5: 2026-03-30
B6: 审核依据 | D6: ZDPX-03046/0.0-QA-检查单-044
B7: 本次审核依据《需求开发与管理检查单》实施。经审核，未发现不符合项。
B9: NC总数 | D9: 轻微 | F9: 一般 | H9: 严重
B10: =0 | D10: =0 | F10: =0 | H10: =0
B11: 不符合项问题（NC）列表
B12: 序号 | C12: 问题描述 | F12: 严重程度 | G12: 责任人 | H12: 提交日期 | I12: 计划关闭日期 | J12: 纠正措施
B13: 本次审核未发现不符合项。
B15: 纠正措施验证情况：
B16: 不适用

Sheet C045-审核配置管理过程-阶段
A1: 配 置 管 理 检 查 单
A2: 编号：ZDPX-03046/0.0-QA-检查单-045
A3: 项目名称 | C3: 相控阵数字样机软件 | F3: 当前阶段 | H3: 软件合格性测试及集成试运行阶段 | J3: 项目QA | L3: 高蕾
A4: 审核对象 | C4: 审核配置管理过程-阶段 | F4: 产品标识 | H4: — | J4: 产品版本 | L4: —
A6: 序号 | B6: 审核内容 | G6: 是 | H6: 否 | I6: 不适用 | J6: 严重程度 | L6: 备注
A7: 通用检查项
A8: 1 | B8: 是否为项目建立了受控库和开发库？ | G8: ✓
A9: 2* | B9: 是否按计划对配置项进行了受控管理？ | G9: ✓
A10: 3 | B10: 配置项的出入库单填写是否正确？ | G10: ✓
A11: 4 | B11: 受控库中配置项和基线的标识是否遵循了标识规则？ | G11: ✓
A12: 5* | B12: 受控库中基线的组成配置项是否与配置管理计划一致？ | G12: ✓
A13: 6 | B13: 受控库中每个基线版本是否都对应基线发布单？ | G13: ✓
A14: 7 | B14: 基线的建立和和变更情况是否通报给所有受影响的组和个人？ | G14: ✓
A15: 8 | B15: 配置项出入库、基线发布是否都经过了正确的审批？ | G15: ✓
A16: 9 | B16: 受控库是否按配置管理计划中的备份策略进行了备份？ | G16: ✓
A17: 10 | B17: 开发库的使用与配置管理计划要求是否一致？ | G17: ✓
A18: 11 | B18: 环境配置项有无受控管理？ | G18: ✓
A19: 12* | B19: 提交变更申请时，是否具体描述了需变更的内容，并进行了影响域分析？ | G19: ✓
... A22: 15* | B22: 对变更后的内容有无采取验证措施？如评审、审批、测试等。 | G22: ✓
A23: 16 | B23: 变更完成后，有无按要求填写变更报告单？ | H23: ✓ | J23: 一般 | K23: 必要内容覆盖不完整
A24: 17 | B24: 是否按规定进行了配置审核，并生成配置审核报告？ | G24: ✓
A25: 18 | B25: 配置审核报告的内容是否完整？ | G25: ✓
A26: 19 | B26: 是否按规定时机节点生成配置管理清单 | H26: ✓ | J26: 一般 | K26: 必要内容覆盖不完整
A27: 20 | B27: 配置管理清单的内容是否与受控库内容一致 | G27: ✓
A28: 21 | B28: 是否按规定生成了阶段或里程碑配置管理报告 | G28: ✓
A29: 22 | B29: 配置管理报告内容是否完整 | G29: ✓
A31: 不符合项问题明细
A32: 问题ID | B32: 检查项 | C32: 问题描述 | F32: 严重程度 | G32: 责任人 | H32: 提交日期 | I32: 计划关闭日期 | J32: 纠正措施 | L32: 关闭
A33: 47 | B33: 16 | C33: 相关工作产品未完整覆盖本检查项要求的必要内容和适用场景，当前结果不能支撑该项要求已经全部落实。 | F33: 一般 | G33: 赵要浦 | H33: 2026-03-30 | I33: 2026-03-30 | J33: 补齐遗漏内容和适用场景，核对相关输入后组织复核，并保留复核结论。 | L33: 否
A34: 48 | B34: 19 | C34: 相关工作产品未完整覆盖本检查项要求的必要内容和适用场景，当前结果不能支撑该项要求已经全部落实。 | F34: 一般 | G34: 赵要浦 | H34: 2026-03-30 | I34: 2026-03-30 | J34: 补齐遗漏内容和适用场景，核对相关输入后组织复核，并保留复核结论。 | L34: 否

Sheet R045-审核配置管理过程-阶段
B1: 过程/产品审核报告
B2: 编号：ZDPX-03046/0.0-QA-审核报告-045
B3: 项目名称 | D3: 相控阵数字样机软件 | H3: 所处阶段 | J3: 软件合格性测试及集成试运行阶段
B4: 审核对象（过程名称/产品名称） | F4: 审核配置管理过程-阶段
B5: 审核人 | D5: 高蕾 | F5: 审核日期 | H5: 2026-03-30
B6: 审核依据 | D6: ZDPX-03046/0.0-QA-检查单-045
B7: 本次审核依据《配 置 管 理 检 查 单》实施。经审核，发现2个不符合项。
B9: NC总数 | D9: 轻微 | F9: 一般 | H9: 严重
B10: =COUNTIF(B13:B14,"<>") | D10: =COUNTIF(F13:F14,"轻微") | F10: =COUNTIF(F13:F14,"一般") | H10: =COUNTIF(F13:F14,"严重")
B11: 不符合项问题（NC）列表
B12: 序号 | C12: 问题描述 | F12: 严重程度 | G12: 责任人 | H12: 提交日期 | I12: 计划关闭日期 | J12: 纠正措施
B13: 1 | C13: ='C045-审核配置管理过程-阶段'!C33 | F13: ='C045-审核配置管理过程-阶段'!F33 | G13: ='C045-审核配置管理过程-阶段'!G33 | H13: ='C045-审核配置管理过程-阶段'!H33 | I13: ='C045-审核配置管理过程-阶段'!I33 | J13: ='C045-审核配置管理过程-阶段'!J33
B14: 2 | C14: ='C045-审核配置管理过程-阶段'!C34 | F14: ='C045-审核配置管理过程-阶段'!F34 | G14: ='C045-审核配置管理过程-阶段'!G34 | H14: ='C045-审核配置管理过程-阶段'!H34 | I14: ='C045-审核配置管理过程-阶段'!I34 | J14: ='C045-审核配置管理过程-阶段'!J34
B16: 纠正措施验证情况：
B17: 已整改并验证通过；已整改并验证通过

Sheet C046-审核项目监控过程-阶段
A1: 项目监控检查单
A2: 编号：ZDPX-03046/0.0-QA-检查单-046
A3: 项目名称 | C3: 相控阵数字样机软件 | F3: 当前阶段 | H3: 软件合格性测试及集成试运行阶段 | J3: 项目QA | L3: 高蕾
A4: 审核对象 | C4: 审核项目监控过程-阶段 | F4: 产品标识 | H4: — | J4: 产品版本 | L4: —
A6: 序号 | B6: 审核内容 | G6: 是 | H6: 否 | I6: 不适用 | J6: 严重程度 | L6: 备注
A7: 通用检查项
A8: 1 | B8: 本阶段的任务是否以任务分配表的形式分配到个人？ | G8: ✓
A9: 2 | B9: 项目组成员是否按时填写个人工作报告，记录个人完成任务的情况、工作量等信息？ | G9: ✓
A10: 3* | B10: 在每个跟踪节点，项目负责人是否对项目进度和工作量进行汇总，并与计划值进行比较？对于超过阈值的偏差是否进行了分析？ | G10: ✓
A11: 4 | B11: 每当工作产品完成时，项目负责人是否统计工作产品实际规模，并与计划值进行比较？对于超过阈值的偏差是否进行了分析？ | G11: ✓
A12: 5 | B12: 是否依据利益相关方参与计划，及时记录利益相关方参与情况？对出现的偏差有无进行分析？ | G12: ✓
A13: 6* | B13: 是否按体系要求对识别出的风险进行跟踪？ | G13: ✓
A14: 7* | B14: 当识别出新风险时，是否更新项目风险表并进行跟踪？ | G14: ✓
A15: 8 | B15: 是否对资源计划进行了跟踪？对出现的偏差有无进行分析？ | G15: ✓
A16: 9 | B16: 是否对培训计划进行了跟踪？对出现的偏差有无进行分析？ | G16: ✓
A17: 10 | B17: 项目负责人对项目跟踪过程中发现的问题是否及时记录，并制定纠正措施？ | G17: ✓
A18: 11 | B18: 纠正措施是否明确了责任人、验证人？ | G18: ✓
A19: 12* | B19: 当纠正措施会影响到对外承诺时，是否与利益相关方对纠正措施进行了评审？ | G19: ✓
... A29: 22 | B29: 项目例会有无形成会议纪要？ | G29: ✓
A30: 23* | B30: 是否按计划实施里程碑评审？ | H30: ✓ | J30: 严重 | K30: 必要内容覆盖不完整
A31: 24 | B31: 里程碑评审参会人员是否符合体系要求？ | G31: ✓
A32: 25* | B32: 里程碑评审会的材料是否准备齐全？ | G32: ✓
A33: 26 | B33: 里程碑评审是否对评审节点前的项目进展情况、规模、进度、工作量、问题和风险等的跟踪情况进行了分析并标识出偏差。 | G33: ✓
A34: 27 | B34: 对于超出阈值的偏差是否分析了原因，并提出相应的措施 | G34: ✓
A35: 28 | B35: 是否对新识别的问题制定了纠正措施 | G35: ✓
A36: 29* | B36: 里程碑评审后是否形成评审报告，并指定负责人处理评审意见。 | G36: ✓
A37: 30 | B37: 对评审意见的处理有无进行跟踪，直到形成闭环 | G37: ✓
A38: 31 | B38: 需对软件开发计划进行变更时，是否按要求办理了变更审批手续 | G38: ✓
A39: 32 | B39: 是否按规程修订项目软件开发计划及相关文档 | G39: ✓
A40: 33* | B40: 对外部承诺的变更是否经公司CCB的批准 | G40: ✓
A41: 34 | B41: 是否有通知受影响的组和个人的记录 | G41: ✓
A43: 不符合项问题明细
A44: 问题ID | B44: 检查项 | C44: 问题描述 | F44: 严重程度 | G44: 责任人 | H44: 提交日期 | I44: 计划关闭日期 | J44: 纠正措施 | L44: 关闭
A45: 49 | B45: 23 | C45: 相关工作产品未完整覆盖本检查项要求的必要内容和适用场景，当前结果不能支撑该项要求已经全部落实。 | F45: 严重 | G45: 赵要浦 | H45: 2026-03-30 | I45: 2026-03-30 | J45: 补齐遗漏内容和适用场景，核对相关输入后组织复核，并保留复核结论。 | L45: 否

Sheet R046-审核项目监控过程-阶段
B1: 过程/产品审核报告
B2: 编号：ZDPX-03046/0.0-QA-审核报告-046
B3: 项目名称 | D3: 相控阵数字样机软件 | H3: 所处阶段 | J3: 软件合格性测试及集成试运行阶段
B4: 审核对象（过程名称/产品名称） | F4: 审核项目监控过程-阶段
B5: 审核人 | D5: 高蕾 | F5: 审核日期 | H5: 2026-03-30
B6: 审核依据 | D6: ZDPX-03046/0.0-QA-检查单-046
B7: 本次审核依据《项目监控检查单》实施。经审核，发现1个不符合项。
B9: NC总数 | D9: 轻微 | F9: 一般 | H9: 严重
B10: =COUNTIF(B13:B13,"<>") | D10: =COUNTIF(F13:F13,"轻微") | F10: =COUNTIF(F13:F13,"一般") | H10: =COUNTIF(F13:F13,"严重")
B11: 不符合项问题（NC）列表
B12: 序号 | C12: 问题描述 | F12: 严重程度 | G12: 责任人 | H12: 提交日期 | I12: 计划关闭日期 | J12: 纠正措施
B13: 1 | C13: ='C046-审核项目监控过程-阶段'!C45 | F13: ='C046-审核项目监控过程-阶段'!F45 | G13: ='C046-审核项目监控过程-阶段'!G45 | H13: ='C046-审核项目监控过程-阶段'!H45 | I13: ='C046-审核项目监控过程-阶段'!I45 | J13: ='C046-审核项目监控过程-阶段'!J45
B15: 纠正措施验证情况：
B16: 已整改并验证通过

Sheet C047-审核测量与绩效管理-阶段
A1: 测量与绩效管理检查单
A2: 编号：ZDPX-03046/0.0-QA-检查单-047
A3: 项目名称 | C3: 相控阵数字样机软件 | F3: 当前阶段 | H3: 软件合格性测试及集成试运行阶段 | J3: 项目QA | L3: 高蕾
A4: 审核对象 | C4: 审核测量与绩效管理-阶段 | F4: 产品标识 | H4: — | J4: 产品版本 | L4: —
A6: 序号 | B6: 审核内容 | G6: 是 | H6: 否 | I6: 不适用 | J6: 严重程度 | L6: 备注
A7: 通用检查项
A8: 1* | B8: 是否建立了项目的测量目标？ | G8: ✓
A9: 2 | B9: 是否根据测量目标确定了项目所要使用的测量项？ | G9: ✓
A10: 3 | B10: 是否指定了测量分析的负责人？ | G10: ✓
A11: 4 | B11: 是否确定了测量数据的存储方式？ | G11: ✓
A12: 5 | B12: 是否明确了项目测量项的采集时机、采集方法、采集位置及采集人？ | G12: ✓
A13: 6 | B13: 是否指明了对测量数据的分析方法、表达方式等？ | G13: ✓
A14: 7 | B14: 是否明确了测量数据分析结果的交流时机、交流方式？ | G14: ✓
A15: 8 | B15: 是否制定了项目的测量与分析计划？并对测量分析计划进行了评审？ | G15: ✓
A16: 9 | B16: 当项目有新增测量项时，是否经过软件工程过程组的审批？ | G16: ✓
A17: 10 | B17: 是否按照测量与分析计划，在规定的时间和采集点收集测量数据？ | G17: ✓
A18: 11 | B18: 是否将采集到的数据（需要时进行预处理）存入指定的数据分析工具平台？ | G18: ✓
A19: 12 | B19: 是否在计划时间点对采集到的测量数据进行分析？ | G19: ✓
... A21: 14 | B21: 是否与项目组、利益相关方（必要时）交流了测量数据的分析结果？ | G21: ✓
A22: 15 | B22: 项目实施过程中，测量相关的数据和文档有无得到有效控制？ | H22: ✓ | J22: 一般 | K22: 必要内容覆盖不完整
A24: 不符合项问题明细
A25: 问题ID | B25: 检查项 | C25: 问题描述 | F25: 严重程度 | G25: 责任人 | H25: 提交日期 | I25: 计划关闭日期 | J25: 纠正措施 | L25: 关闭
A26: 50 | B26: 15 | C26: 相关工作产品未完整覆盖本检查项要求的必要内容和适用场景，当前结果不能支撑该项要求已经全部落实。 | F26: 一般 | G26: 赵要浦 | H26: 2026-03-30 | I26: 2026-03-30 | J26: 补齐遗漏内容和适用场景，核对相关输入后组织复核，并保留复核结论。 | L26: 否

Sheet R047-审核测量与绩效管理-阶段
B1: 过程/产品审核报告
B2: 编号：ZDPX-03046/0.0-QA-审核报告-047
B3: 项目名称 | D3: 相控阵数字样机软件 | H3: 所处阶段 | J3: 软件合格性测试及集成试运行阶段
B4: 审核对象（过程名称/产品名称） | F4: 审核测量与绩效管理-阶段
B5: 审核人 | D5: 高蕾 | F5: 审核日期 | H5: 2026-03-30
B6: 审核依据 | D6: ZDPX-03046/0.0-QA-检查单-047
B7: 本次审核依据《测量与绩效管理检查单》实施。经审核，发现1个不符合项。
B9: NC总数 | D9: 轻微 | F9: 一般 | H9: 严重
B10: =COUNTIF(B13:B13,"<>") | D10: =COUNTIF(F13:F13,"轻微") | F10: =COUNTIF(F13:F13,"一般") | H10: =COUNTIF(F13:F13,"严重")
B11: 不符合项问题（NC）列表
B12: 序号 | C12: 问题描述 | F12: 严重程度 | G12: 责任人 | H12: 提交日期 | I12: 计划关闭日期 | J12: 纠正措施
B13: 1 | C13: ='C047-审核测量与绩效管理-阶段'!C26 | F13: ='C047-审核测量与绩效管理-阶段'!F26 | G13: ='C047-审核测量与绩效管理-阶段'!G26 | H13: ='C047-审核测量与绩效管理-阶段'!H26 | I13: ='C047-审核测量与绩效管理-阶段'!I26 | J13: ='C047-审核测量与绩效管理-阶段'!J26
B15: 纠正措施验证情况：
B16: 已整改并验证通过

Sheet _计算
A1: 流水号 | B1: 审核对象 | C1: 问题序号 | D1: NC类型 | E1: 问题描述 | F1: 严重程度 | G1: 是否关闭 | H1: 归组日期 | I1: 节点类型 | J1: 审核日期
A2: 39 | B2: ='R039-相控阵数字样机软件测试说明'!F4 | C2: ='R039-相控阵数字样机软件测试说明'!B13 | D2: 工作产品 | E2: ='R039-相控阵数字样机软件测试说明'!C13 | F2: ='R039-相控阵数字样机软件测试说明'!F13 | G2: 否 | H2: 2026-03-30 | I2: 阶段 | J2: 2026-03-12
A3: 41 | B3: ='R041-相控阵数字样机软件用户手册'!F4 | C3: ='R041-相控阵数字样机软件用户手册'!B13 | D3: 工作产品 | E3: ='R041-相控阵数字样机软件用户手册'!C13 | F3: ='R041-相控阵数字样机软件用户手册'!F13 | G3: 否 | H3: 2026-03-30 | I3: 阶段 | J3: 2026-03-20
A4: 41 | B4: ='R041-相控阵数字样机软件用户手册'!F4 | C4: ='R041-相控阵数字样机软件用户手册'!B14 | D4: 工作产品 | E4: ='R041-相控阵数字样机软件用户手册'!C14 | F4: ='R041-相控阵数字样机软件用户手册'!F14 | G4: 否 | H4: 2026-03-30 | I4: 阶段 | J4: 2026-03-20
A5: 42 | B5: ='R042-相控阵数字样机软件测试报告'!F4 | C5: ='R042-相控阵数字样机软件测试报告'!B13 | D5: 工作产品 | E5: ='R042-相控阵数字样机软件测试报告'!C13 | F5: ='R042-相控阵数字样机软件测试报告'!F13 | G5: 否 | H5: 2026-03-30 | I5: 阶段 | J5: 2026-03-23
A6: 42 | B6: ='R042-相控阵数字样机软件测试报告'!F4 | C6: ='R042-相控阵数字样机软件测试报告'!B14 | D6: 工作产品 | E6: ='R042-相控阵数字样机软件测试报告'!C14 | F6: ='R042-相控阵数字样机软件测试报告'!F14 | G6: 否 | H6: 2026-03-30 | I6: 阶段 | J6: 2026-03-23
A7: 45 | B7: ='R045-审核配置管理过程-阶段'!F4 | C7: ='R045-审核配置管理过程-阶段'!B13 | D7: CM | E7: ='R045-审核配置管理过程-阶段'!C13 | F7: ='R045-审核配置管理过程-阶段'!F13 | G7: 否 | H7: 2026-03-30 | I7: 阶段 | J7: 2026-03-30
A8: 45 | B8: ='R045-审核配置管理过程-阶段'!F4 | C8: ='R045-审核配置管理过程-阶段'!B14 | D8: CM | E8: ='R045-审核配置管理过程-阶段'!C14 | F8: ='R045-审核配置管理过程-阶段'!F14 | G8: 否 | H8: 2026-03-30 | I8: 阶段 | J8: 2026-03-30
A9: 46 | B9: ='R046-审核项目监控过程-阶段'!F4 | C9: ='R046-审核项目监控过程-阶段'!B13 | D9: PMC | E9: ='R046-审核项目监控过程-阶段'!C13 | F9: ='R046-审核项目监控过程-阶段'!F13 | G9: 否 | H9: 2026-03-30 | I9: 阶段 | J9: 2026-03-30
A10: 47 | B10: ='R047-审核测量与绩效管理-阶段'!F4 | C10: ='R047-审核测量与绩效管理-阶段'!B13 | D10: MPM | E10: ='R047-审核测量与绩效管理-阶段'!C13 | F10: ='R047-审核测量与绩效管理-阶段'!F13 | G10: 否 | H10: 2026-03-30 | I10: 阶段 | J10: 2026-03-30
